metric,value
t_star_years,0.25
DF_Jan_0_tstar,0.997615853161
CVA_Jan,3009.99333037
CVA_Mar,2849.67326858
Delta_CVA_PVJan,-167.114101305
DVA_Jan,1797.21303136
DVA_Mar,1741.87517352
Delta_DVA_PVJan,-59.4907440347
