metric,value
CVA_total,3009.99333037
DVA_total,1797.21303136
