{
  "cid": "CPTY_01",
  "LGD_cpty": 0.5094730914665468,
  "LGD_bank": 0.6,
  "CVA": 421.95083218104946,
  "DVA": 849.4214681201491
}