{
  "cid": "CPTY_03",
  "LGD_cpty": 0.36917958711882237,
  "LGD_bank": 0.6,
  "CVA": 1901.0671807186407,
  "DVA": 154.20630854949766
}