{
  "cid": "CPTY_04",
  "LGD_cpty": 0.49678563266601333,
  "LGD_bank": 0.6,
  "CVA": 492.6529758820383,
  "DVA": 599.0544982421363
}