{
  "cid": "CPTY_02",
  "LGD_cpty": 0.38734683712074264,
  "LGD_bank": 0.6,
  "CVA": 194.32234158485343,
  "DVA": 194.53075645300842
}