{
  "cid": "CPTY_01",
  "LGD_cpty": 0.5094730914665468,
  "LGD_bank": 0.6,
  "CVA": 421.99389486044083,
  "DVA": 849.36397604983
}