{
  "cid": "CPTY_03",
  "LGD_cpty": 0.36917958711882237,
  "LGD_bank": 0.6,
  "CVA": 1900.9924591459808,
  "DVA": 154.22145694800636
}