{
  "cid": "CPTY_02",
  "LGD_cpty": 0.38734683712074264,
  "LGD_bank": 0.6,
  "CVA": 194.3148622326114,
  "DVA": 194.543002833091
}