metric,value
CVA_total,2517.30121624
DVA_total,1198.12843583
