metric,value
t_star_years,0.25
DF_Jan_0_tstar,0.997615853161
CVA_Jan,2517.30121624
CVA_Mar,2443.04859659
Delta_CVA_PVJan,-80.0772062385
DVA_Jan,1198.12843583
DVA_Mar,1133.4710003
Delta_DVA_PVJan,-67.3597968384
